<?xml version="1.0" encoding="UTF-8"?>

<FLOW VERSION="3.0" CLEANUP="true">
  <COMMENT></COMMENT>

  <!-- nodes -->

<MAP TIMEOUT="" MODE="STANDALONE">
  <COMMENT></COMMENT>
</MAP>

<INVOKE TIMEOUT="" SERVICE="pub.json:documentToJSONString" VALIDATE-IN="$none" VALIDATE-OUT="$none">
  <COMMENT></COMMENT>

  <!-- nodes -->

<MAP MODE="INPUT">
  <MAPTARGET>

<Values version="2.0">
  <record name="xml" javaclass="com.wm.util.Values">
    <value name="node_type">record</value>
    <value name="node_subtype">unknown</value>
    <value name="is_public">false</value>
    <value name="field_name">documentToJSONStringInput</value>
    <value name="field_type">record</value>
    <value name="field_dim">0</value>
    <value name="nillable">true</value>
    <value name="form_qualified">false</value>
    <value name="is_global">false</value>
    <array name="rec_fields" type="record" depth="1">
      <record javaclass="com.wm.util.Values">
        <value name="node_type">record</value>
        <value name="node_subtype">unknown</value>
        <value name="is_public">false</value>
        <value name="field_name">document</value>
        <value name="field_type">record</value>
        <value name="field_dim">0</value>
        <value name="nillable">true</value>
        <value name="form_qualified">false</value>
        <value name="is_global">false</value>
        <array name="rec_fields" type="record" depth="1">
        </array>
        <value name="modifiable">true</value>
      </record>
      <record javaclass="com.wm.util.Values">
        <value name="node_type">field</value>
        <value name="node_subtype">unknown</value>
        <value name="is_public">false</value>
        <value name="field_name">prettyPrint</value>
        <value name="field_type">string</value>
        <value name="field_dim">0</value>
        <value name="field_opt">true</value>
        <value name="nillable">true</value>
        <value name="form_qualified">false</value>
        <value name="is_global">false</value>
      </record>
    </array>
    <value name="modifiable">true</value>
  </record>
</Values>
</MAPTARGET>
  <MAPSOURCE>

<Values version="2.0">
  <record name="xml" javaclass="com.wm.util.Values">
    <value name="node_type">record</value>
    <value name="node_subtype">unknown</value>
    <value name="is_public">false</value>
    <value name="field_type">record</value>
    <value name="field_dim">0</value>
    <value name="nillable">true</value>
    <value name="form_qualified">false</value>
    <value name="is_global">false</value>
    <array name="rec_fields" type="record" depth="1">
      <record javaclass="com.wm.util.Values">
        <value name="node_type">record</value>
        <value name="node_subtype">unknown</value>
        <value name="node_comment"></value>
        <record name="node_hints" javaclass="com.wm.util.Values">
          <value name="field_largerEditor">false</value>
          <value name="field_password">false</value>
        </record>
        <value name="is_public">false</value>
        <value name="field_name">createAMetricInput</value>
        <value name="field_type">record</value>
        <value name="field_dim">0</value>
        <value name="wrapper_type">IData</value>
        <value name="nillable">true</value>
        <value name="form_qualified">false</value>
        <value name="is_global">false</value>
        <array name="rec_fields" type="record" depth="1">
          <record javaclass="com.wm.util.Values">
            <value name="node_type">record</value>
            <value name="node_subtype">unknown</value>
            <value name="node_comment"></value>
            <record name="node_hints" javaclass="com.wm.util.Values">
              <value name="field_largerEditor">false</value>
              <value name="field_password">false</value>
            </record>
            <value name="is_public">false</value>
            <value name="field_name">parameters</value>
            <value name="field_type">record</value>
            <value name="field_dim">0</value>
            <value name="wrapper_type">IData</value>
            <value name="nillable">true</value>
            <value name="form_qualified">false</value>
            <value name="is_global">false</value>
            <array name="rec_fields" type="record" depth="1">
            </array>
            <value name="modifiable">true</value>
          </record>
          <record javaclass="com.wm.util.Values">
            <value name="node_type">record</value>
            <value name="node_subtype">unknown</value>
            <value name="node_comment"></value>
            <record name="node_hints" javaclass="com.wm.util.Values">
              <value name="field_largerEditor">false</value>
              <value name="field_password">false</value>
            </record>
            <value name="is_public">false</value>
            <value name="field_name">requestHeaders</value>
            <value name="field_type">record</value>
            <value name="field_dim">0</value>
            <value name="wrapper_type">IData</value>
            <value name="nillable">true</value>
            <value name="form_qualified">false</value>
            <value name="is_global">false</value>
            <array name="rec_fields" type="record" depth="1">
            </array>
            <value name="modifiable">true</value>
          </record>
          <record javaclass="com.wm.util.Values">
            <value name="node_type">record</value>
            <value name="node_subtype">unknown</value>
            <value name="node_comment"></value>
            <record name="node_hints" javaclass="com.wm.util.Values">
              <value name="field_largerEditor">false</value>
              <value name="field_password">false</value>
            </record>
            <value name="is_public">false</value>
            <value name="field_name">requestBody</value>
            <value name="field_type">record</value>
            <value name="field_dim">0</value>
            <value name="wrapper_type">IData</value>
            <value name="nillable">true</value>
            <value name="form_qualified">false</value>
            <value name="is_global">false</value>
            <array name="rec_fields" type="record" depth="1">
              <record javaclass="com.wm.util.Values">
                <value name="node_type">record</value>
                <value name="node_subtype">unknown</value>
                <value name="node_comment">generated by webMethods</value>
                <record name="node_hints" javaclass="com.wm.util.Values">
                  <value name="field_largerEditor">false</value>
                  <value name="field_password">false</value>
                </record>
                <value name="is_public">false</value>
                <value name="field_name">requestPayload</value>
                <value name="field_type">record</value>
                <value name="field_dim">0</value>
                <value name="field_opt">true</value>
                <value name="wrapper_type">IData</value>
                <value name="nillable">true</value>
                <value name="form_qualified">false</value>
                <value name="is_global">false</value>
                <value name="originURI">file:///C:\Users\soku\OneDrive - Software AG\Desktop\Hackthron\Metrics\putCreatemetricsRequestForAllStatusCode.json</value>
                <array name="rec_fields" type="record" depth="1">
                  <record javaclass="com.wm.util.Values">
                    <value name="node_type">unknown</value>
                    <value name="node_subtype">unknown</value>
                    <value name="node_comment"></value>
                    <record name="node_hints" javaclass="com.wm.util.Values">
                      <value name="field_usereditable">true</value>
                      <value name="field_largerEditor">false</value>
                      <value name="field_password">false</value>
                    </record>
                    <value name="is_public">false</value>
                    <value name="field_name">type</value>
                    <value name="field_type">string</value>
                    <value name="field_dim">0</value>
                    <array name="field_options" type="value" depth="1">
                    </array>
                    <value name="nillable">true</value>
                    <value name="form_qualified">false</value>
                    <value name="is_global">false</value>
                  </record>
                  <record javaclass="com.wm.util.Values">
                    <value name="node_type">unknown</value>
                    <value name="node_subtype">unknown</value>
                    <value name="node_comment"></value>
                    <record name="node_hints" javaclass="com.wm.util.Values">
                      <value name="field_usereditable">true</value>
                      <value name="field_largerEditor">false</value>
                      <value name="field_password">false</value>
                    </record>
                    <value name="is_public">false</value>
                    <value name="field_name">name</value>
                    <value name="field_type">string</value>
                    <value name="field_dim">0</value>
                    <array name="field_options" type="value" depth="1">
                    </array>
                    <value name="nillable">true</value>
                    <value name="form_qualified">false</value>
                    <value name="is_global">false</value>
                  </record>
                  <record javaclass="com.wm.util.Values">
                    <value name="node_type">unknown</value>
                    <value name="node_subtype">unknown</value>
                    <value name="node_comment"></value>
                    <record name="node_hints" javaclass="com.wm.util.Values">
                      <value name="field_usereditable">true</value>
                      <value name="field_largerEditor">false</value>
                      <value name="field_password">false</value>
                    </record>
                    <value name="is_public">false</value>
                    <value name="field_name">display_name</value>
                    <value name="field_type">string</value>
                    <value name="field_dim">0</value>
                    <array name="field_options" type="value" depth="1">
                    </array>
                    <value name="nillable">true</value>
                    <value name="form_qualified">false</value>
                    <value name="is_global">false</value>
                  </record>
                  <record javaclass="com.wm.util.Values">
                    <value name="node_type">unknown</value>
                    <value name="node_subtype">unknown</value>
                    <value name="node_comment"></value>
                    <record name="node_hints" javaclass="com.wm.util.Values">
                      <value name="field_usereditable">true</value>
                      <value name="field_largerEditor">false</value>
                      <value name="field_password">false</value>
                    </record>
                    <value name="is_public">false</value>
                    <value name="field_name">description</value>
                    <value name="field_type">string</value>
                    <value name="field_dim">0</value>
                    <array name="field_options" type="value" depth="1">
                    </array>
                    <value name="nillable">true</value>
                    <value name="form_qualified">false</value>
                    <value name="is_global">false</value>
                  </record>
                  <record javaclass="com.wm.util.Values">
                    <value name="node_type">unknown</value>
                    <value name="node_subtype">unknown</value>
                    <value name="node_comment"></value>
                    <record name="node_hints" javaclass="com.wm.util.Values">
                      <value name="field_usereditable">true</value>
                      <value name="field_largerEditor">false</value>
                      <value name="field_password">false</value>
                    </record>
                    <value name="is_public">false</value>
                    <value name="field_name">composite</value>
                    <value name="field_type">string</value>
                    <value name="field_dim">0</value>
                    <array name="field_options" type="value" depth="1">
                    </array>
                    <value name="nillable">true</value>
                    <value name="form_qualified">false</value>
                    <value name="is_global">false</value>
                  </record>
                  <record javaclass="com.wm.util.Values">
                    <value name="node_type">unknown</value>
                    <value name="node_subtype">unknown</value>
                    <value name="node_comment"></value>
                    <record name="node_hints" javaclass="com.wm.util.Values">
                      <value name="field_largerEditor">false</value>
                      <value name="field_password">false</value>
                    </record>
                    <value name="is_public">false</value>
                    <value name="field_name">period</value>
                    <value name="field_type">object</value>
                    <value name="field_dim">0</value>
                    <value name="wrapper_type">java.lang.Long</value>
                    <value name="nillable">true</value>
                    <value name="form_qualified">false</value>
                    <value name="is_global">false</value>
                  </record>
                  <record javaclass="com.wm.util.Values">
                    <value name="node_type">record</value>
                    <value name="node_subtype">unknown</value>
                    <value name="node_comment"></value>
                    <record name="node_hints" javaclass="com.wm.util.Values">
                      <value name="field_largerEditor">false</value>
                      <value name="field_password">false</value>
                    </record>
                    <value name="is_public">false</value>
                    <value name="field_name">attributes</value>
                    <value name="field_type">record</value>
                    <value name="field_dim">0</value>
                    <value name="wrapper_type">IData</value>
                    <value name="nillable">true</value>
                    <value name="form_qualified">false</value>
                    <value name="is_global">false</value>
                    <array name="rec_fields" type="record" depth="1">
                    </array>
                    <value name="modifiable">true</value>
                  </record>
                  <record javaclass="com.wm.util.Values">
                    <value name="node_type">record</value>
                    <value name="node_subtype">unknown</value>
                    <value name="node_comment"></value>
                    <record name="node_hints" javaclass="com.wm.util.Values">
                      <value name="field_largerEditor">false</value>
                      <value name="field_password">false</value>
                    </record>
                    <value name="is_public">false</value>
                    <value name="field_name">tags</value>
                    <value name="field_type">record</value>
                    <value name="field_dim">0</value>
                    <value name="wrapper_type">IData</value>
                    <value name="nillable">true</value>
                    <value name="form_qualified">false</value>
                    <value name="is_global">false</value>
                    <array name="rec_fields" type="record" depth="1">
                    </array>
                    <value name="modifiable">true</value>
                  </record>
                </array>
                <value name="modifiable">false</value>
              </record>
            </array>
            <value name="modifiable">true</value>
          </record>
        </array>
        <value name="modifiable">true</value>
      </record>
    </array>
    <value name="modifiable">true</value>
  </record>
</Values>
</MAPSOURCE>

  <!-- nodes -->

<MAPCOPY FROM="/createAMetricInput;2;0/requestBody;2;0/requestPayload;2;0" TO="/document;2;0">
</MAPCOPY>
</MAP>

<MAP MODE="OUTPUT">
  <MAPTARGET>

<Values version="2.0">
  <record name="xml" javaclass="com.wm.util.Values">
    <value name="node_type">record</value>
    <value name="node_subtype">unknown</value>
    <value name="is_public">false</value>
    <value name="field_type">record</value>
    <value name="field_dim">0</value>
    <value name="nillable">true</value>
    <value name="form_qualified">false</value>
    <value name="is_global">false</value>
    <array name="rec_fields" type="record" depth="1">
      <record javaclass="com.wm.util.Values">
        <value name="node_type">record</value>
        <value name="node_subtype">unknown</value>
        <value name="is_public">false</value>
        <value name="field_name">document</value>
        <value name="field_type">record</value>
        <value name="field_dim">0</value>
        <value name="nillable">true</value>
        <value name="form_qualified">false</value>
        <value name="is_global">false</value>
        <array name="rec_fields" type="record" depth="1">
        </array>
        <value name="modifiable">true</value>
      </record>
      <record javaclass="com.wm.util.Values">
        <value name="node_type">record</value>
        <value name="node_subtype">unknown</value>
        <value name="node_comment"></value>
        <record name="node_hints" javaclass="com.wm.util.Values">
          <value name="field_largerEditor">false</value>
          <value name="field_password">false</value>
        </record>
        <value name="is_public">false</value>
        <value name="field_name">createAMetricInput</value>
        <value name="field_type">record</value>
        <value name="field_dim">0</value>
        <value name="wrapper_type">IData</value>
        <value name="nillable">true</value>
        <value name="form_qualified">false</value>
        <value name="is_global">false</value>
        <array name="rec_fields" type="record" depth="1">
        </array>
        <value name="modifiable">true</value>
      </record>
      <record javaclass="com.wm.util.Values">
        <value name="node_type">field</value>
        <value name="node_subtype">unknown</value>
        <value name="is_public">false</value>
        <value name="field_name">jsonString</value>
        <value name="field_type">string</value>
        <value name="field_dim">0</value>
        <value name="nillable">true</value>
        <value name="form_qualified">false</value>
        <value name="is_global">false</value>
      </record>
    </array>
    <value name="modifiable">true</value>
  </record>
</Values>
</MAPTARGET>
  <MAPSOURCE>

<Values version="2.0">
  <record name="xml" javaclass="com.wm.util.Values">
    <value name="node_type">record</value>
    <value name="node_subtype">unknown</value>
    <value name="is_public">false</value>
    <value name="field_name">documentToJSONStringOutput</value>
    <value name="field_type">record</value>
    <value name="field_dim">0</value>
    <value name="nillable">true</value>
    <value name="form_qualified">false</value>
    <value name="is_global">false</value>
    <array name="rec_fields" type="record" depth="1">
    </array>
    <value name="modifiable">true</value>
  </record>
</Values>
</MAPSOURCE>

  <!-- nodes -->

<MAPDELETE FIELD="/document;2;0">
</MAPDELETE>
</MAP>
</INVOKE>

<INVOKE TIMEOUT="" SERVICE="pub.io:stringToStream" VALIDATE-IN="$none" VALIDATE-OUT="$none">
  <COMMENT></COMMENT>

  <!-- nodes -->

<MAP MODE="INPUT">
  <MAPTARGET>

<Values version="2.0">
  <record name="xml" javaclass="com.wm.util.Values">
    <value name="node_type">record</value>
    <value name="node_subtype">unknown</value>
    <value name="is_public">false</value>
    <value name="field_name">stringToStreamInput</value>
    <value name="field_type">record</value>
    <value name="field_dim">0</value>
    <value name="nillable">true</value>
    <value name="form_qualified">false</value>
    <value name="is_global">false</value>
    <array name="rec_fields" type="record" depth="1">
      <record javaclass="com.wm.util.Values">
        <value name="node_type">field</value>
        <value name="node_subtype">unknown</value>
        <value name="is_public">false</value>
        <value name="field_name">string</value>
        <value name="field_type">string</value>
        <value name="field_dim">0</value>
        <value name="nillable">true</value>
        <value name="form_qualified">false</value>
        <value name="is_global">false</value>
      </record>
      <record javaclass="com.wm.util.Values">
        <value name="node_type">field</value>
        <value name="node_subtype">unknown</value>
        <value name="is_public">false</value>
        <value name="field_name">encoding</value>
        <value name="field_type">string</value>
        <value name="field_dim">0</value>
        <value name="field_opt">true</value>
        <value name="nillable">true</value>
        <value name="form_qualified">false</value>
        <value name="is_global">false</value>
      </record>
    </array>
    <value name="modifiable">true</value>
  </record>
</Values>
</MAPTARGET>
  <MAPSOURCE>

<Values version="2.0">
  <record name="xml" javaclass="com.wm.util.Values">
    <value name="node_type">record</value>
    <value name="node_subtype">unknown</value>
    <value name="is_public">false</value>
    <value name="field_type">record</value>
    <value name="field_dim">0</value>
    <value name="nillable">true</value>
    <value name="form_qualified">false</value>
    <value name="is_global">false</value>
    <array name="rec_fields" type="record" depth="1">
      <record javaclass="com.wm.util.Values">
        <value name="node_type">record</value>
        <value name="node_subtype">unknown</value>
        <value name="node_comment"></value>
        <record name="node_hints" javaclass="com.wm.util.Values">
          <value name="field_largerEditor">false</value>
          <value name="field_password">false</value>
        </record>
        <value name="is_public">false</value>
        <value name="field_name">createAMetricInput</value>
        <value name="field_type">record</value>
        <value name="field_dim">0</value>
        <value name="wrapper_type">IData</value>
        <value name="nillable">true</value>
        <value name="form_qualified">false</value>
        <value name="is_global">false</value>
        <array name="rec_fields" type="record" depth="1">
        </array>
        <value name="modifiable">true</value>
      </record>
      <record javaclass="com.wm.util.Values">
        <value name="node_type">field</value>
        <value name="node_subtype">unknown</value>
        <value name="is_public">false</value>
        <value name="field_name">jsonString</value>
        <value name="field_type">string</value>
        <value name="field_dim">0</value>
        <value name="nillable">true</value>
        <value name="form_qualified">false</value>
        <value name="is_global">false</value>
      </record>
    </array>
    <value name="modifiable">true</value>
  </record>
</Values>
</MAPSOURCE>

  <!-- nodes -->

<MAPCOPY FROM="/jsonString;1;0" TO="/string;1;0">
</MAPCOPY>
</MAP>
</INVOKE>

<INVOKE TIMEOUT="" SERVICE="DemoLibratoAppOptics.services:createAMetric" VALIDATE-IN="$none" VALIDATE-OUT="$none">
  <COMMENT></COMMENT>

  <!-- nodes -->

<MAP MODE="INPUT">
  <MAPTARGET>

<Values version="2.0">
  <record name="xml" javaclass="com.wm.util.Values">
    <value name="node_type">record</value>
    <value name="node_subtype">unknown</value>
    <value name="is_public">false</value>
    <value name="field_type">record</value>
    <value name="field_dim">0</value>
    <value name="wrapper_type">IData</value>
    <value name="nillable">true</value>
    <value name="form_qualified">false</value>
    <value name="is_global">false</value>
    <array name="rec_fields" type="record" depth="1">
      <record javaclass="com.wm.util.Values">
        <value name="node_type">record</value>
        <value name="node_subtype">unknown</value>
        <value name="is_public">false</value>
        <value name="field_name">createAMetricInput</value>
        <value name="field_type">record</value>
        <value name="field_dim">0</value>
        <value name="wrapper_type">IData</value>
        <value name="nillable">true</value>
        <value name="form_qualified">false</value>
        <value name="is_global">false</value>
        <array name="rec_fields" type="record" depth="1">
          <record javaclass="com.wm.util.Values">
            <value name="node_type">record</value>
            <value name="node_subtype">unknown</value>
            <value name="is_public">false</value>
            <value name="field_name">parameters</value>
            <value name="field_type">record</value>
            <value name="field_dim">0</value>
            <value name="field_opt">true</value>
            <value name="wrapper_type">IData</value>
            <value name="nillable">true</value>
            <value name="form_qualified">false</value>
            <value name="is_global">false</value>
            <array name="rec_fields" type="record" depth="1">
              <record javaclass="com.wm.util.Values">
                <value name="node_type">unknown</value>
                <value name="node_subtype">unknown</value>
                <record name="node_hints" javaclass="com.wm.util.Values">
                  <null name="field_default_value"/>
                  <Boolean name="field_fixed">false</Boolean>
                </record>
                <value name="is_public">false</value>
                <value name="field_name">name</value>
                <value name="field_type">string</value>
                <value name="field_dim">0</value>
                <value name="field_opt">true</value>
                <value name="nillable">true</value>
                <value name="form_qualified">false</value>
                <value name="is_global">false</value>
              </record>
            </array>
            <value name="modifiable">true</value>
          </record>
          <record javaclass="com.wm.util.Values">
            <value name="node_type">record</value>
            <value name="node_subtype">unknown</value>
            <value name="is_public">false</value>
            <value name="field_name">requestHeaders</value>
            <value name="field_type">record</value>
            <value name="field_dim">0</value>
            <value name="wrapper_type">IData</value>
            <value name="nillable">true</value>
            <value name="form_qualified">false</value>
            <value name="is_global">false</value>
            <array name="rec_fields" type="record" depth="1">
              <record javaclass="com.wm.util.Values">
                <value name="node_type">unknown</value>
                <value name="node_subtype">unknown</value>
                <value name="is_public">false</value>
                <value name="field_name">Content-Type</value>
                <value name="field_type">string</value>
                <value name="field_dim">0</value>
                <value name="nillable">true</value>
                <value name="form_qualified">false</value>
                <value name="is_global">false</value>
              </record>
            </array>
            <value name="modifiable">true</value>
          </record>
          <record javaclass="com.wm.util.Values">
            <value name="node_type">record</value>
            <value name="node_subtype">unknown</value>
            <value name="is_public">false</value>
            <value name="field_name">requestBody</value>
            <value name="field_type">record</value>
            <value name="field_dim">0</value>
            <value name="wrapper_type">IData</value>
            <value name="nillable">true</value>
            <value name="form_qualified">false</value>
            <value name="is_global">false</value>
            <array name="rec_fields" type="record" depth="1">
              <record javaclass="com.wm.util.Values">
                <value name="node_type">unknown</value>
                <value name="node_subtype">unknown</value>
                <value name="is_public">false</value>
                <value name="field_name">stream</value>
                <value name="field_type">object</value>
                <value name="field_dim">0</value>
                <value name="nillable">true</value>
                <value name="form_qualified">false</value>
                <value name="is_global">false</value>
              </record>
            </array>
            <value name="modifiable">true</value>
          </record>
        </array>
        <value name="modifiable">true</value>
      </record>
      <record javaclass="com.wm.util.Values">
        <value name="node_type">unknown</value>
        <value name="node_subtype">unknown</value>
        <value name="is_public">false</value>
        <value name="field_name">$connectionAlias</value>
        <value name="field_type">string</value>
        <value name="field_dim">0</value>
        <value name="field_opt">true</value>
        <value name="nillable">true</value>
        <value name="form_qualified">false</value>
        <value name="is_global">false</value>
      </record>
    </array>
    <value name="modifiable">true</value>
  </record>
</Values>
</MAPTARGET>
  <MAPSOURCE>

<Values version="2.0">
  <record name="xml" javaclass="com.wm.util.Values">
    <value name="node_type">record</value>
    <value name="node_subtype">unknown</value>
    <value name="is_public">false</value>
    <value name="field_type">record</value>
    <value name="field_dim">0</value>
    <value name="nillable">true</value>
    <value name="form_qualified">false</value>
    <value name="is_global">false</value>
    <array name="rec_fields" type="record" depth="1">
      <record javaclass="com.wm.util.Values">
        <value name="node_type">unknown</value>
        <value name="node_subtype">unknown</value>
        <value name="is_public">false</value>
        <value name="field_name">string</value>
        <value name="field_type">string</value>
        <value name="field_dim">0</value>
        <value name="nillable">true</value>
        <value name="form_qualified">false</value>
        <value name="is_global">false</value>
      </record>
      <record javaclass="com.wm.util.Values">
        <value name="node_type">record</value>
        <value name="node_subtype">unknown</value>
        <value name="node_comment"></value>
        <record name="node_hints" javaclass="com.wm.util.Values">
          <value name="field_largerEditor">false</value>
          <value name="field_password">false</value>
        </record>
        <value name="is_public">false</value>
        <value name="field_name">createAMetricInput</value>
        <value name="field_type">record</value>
        <value name="field_dim">0</value>
        <value name="wrapper_type">IData</value>
        <value name="nillable">true</value>
        <value name="form_qualified">false</value>
        <value name="is_global">false</value>
        <array name="rec_fields" type="record" depth="1">
          <record javaclass="com.wm.util.Values">
            <value name="node_type">record</value>
            <value name="node_subtype">unknown</value>
            <value name="node_comment"></value>
            <record name="node_hints" javaclass="com.wm.util.Values">
              <value name="field_largerEditor">false</value>
              <value name="field_password">false</value>
            </record>
            <value name="is_public">false</value>
            <value name="field_name">parameters</value>
            <value name="field_type">record</value>
            <value name="field_dim">0</value>
            <value name="wrapper_type">IData</value>
            <value name="nillable">true</value>
            <value name="form_qualified">false</value>
            <value name="is_global">false</value>
            <array name="rec_fields" type="record" depth="1">
              <record javaclass="com.wm.util.Values">
                <value name="node_type">unknown</value>
                <value name="node_subtype">unknown</value>
                <value name="node_comment"></value>
                <record name="node_hints" javaclass="com.wm.util.Values">
                  <null name="field_default_value"/>
                  <Boolean name="field_fixed">false</Boolean>
                  <value name="field_usereditable">true</value>
                  <value name="field_largerEditor">false</value>
                  <value name="field_password">false</value>
                </record>
                <value name="is_public">false</value>
                <value name="field_name">name</value>
                <value name="field_type">string</value>
                <value name="field_dim">0</value>
                <array name="field_options" type="value" depth="1">
                </array>
                <value name="nillable">true</value>
                <value name="form_qualified">false</value>
                <value name="is_global">false</value>
              </record>
            </array>
            <value name="modifiable">true</value>
          </record>
          <record javaclass="com.wm.util.Values">
            <value name="node_type">record</value>
            <value name="node_subtype">unknown</value>
            <value name="node_comment"></value>
            <record name="node_hints" javaclass="com.wm.util.Values">
              <value name="field_largerEditor">false</value>
              <value name="field_password">false</value>
            </record>
            <value name="is_public">false</value>
            <value name="field_name">requestHeaders</value>
            <value name="field_type">record</value>
            <value name="field_dim">0</value>
            <value name="wrapper_type">IData</value>
            <value name="nillable">true</value>
            <value name="form_qualified">false</value>
            <value name="is_global">false</value>
            <array name="rec_fields" type="record" depth="1">
              <record javaclass="com.wm.util.Values">
                <value name="node_type">unknown</value>
                <value name="node_subtype">unknown</value>
                <value name="node_comment"></value>
                <record name="node_hints" javaclass="com.wm.util.Values">
                  <value name="field_default_value"></value>
                  <Boolean name="field_fixed">false</Boolean>
                  <value name="field_usereditable">true</value>
                  <value name="field_largerEditor">false</value>
                  <value name="field_password">false</value>
                </record>
                <value name="is_public">false</value>
                <value name="field_name">Content-Type</value>
                <value name="field_type">string</value>
                <value name="field_dim">0</value>
                <array name="field_options" type="value" depth="1">
                </array>
                <value name="nillable">true</value>
                <value name="form_qualified">false</value>
                <value name="is_global">false</value>
              </record>
            </array>
            <value name="modifiable">true</value>
          </record>
          <record javaclass="com.wm.util.Values">
            <value name="node_type">record</value>
            <value name="node_subtype">unknown</value>
            <value name="node_comment"></value>
            <record name="node_hints" javaclass="com.wm.util.Values">
              <value name="field_largerEditor">false</value>
              <value name="field_password">false</value>
            </record>
            <value name="is_public">false</value>
            <value name="field_name">requestBody</value>
            <value name="field_type">record</value>
            <value name="field_dim">0</value>
            <value name="wrapper_type">IData</value>
            <value name="nillable">true</value>
            <value name="form_qualified">false</value>
            <value name="is_global">false</value>
            <array name="rec_fields" type="record" depth="1">
            </array>
            <value name="modifiable">true</value>
          </record>
        </array>
        <value name="modifiable">true</value>
      </record>
      <record javaclass="com.wm.util.Values">
        <value name="node_type">field</value>
        <value name="node_subtype">unknown</value>
        <value name="is_public">false</value>
        <value name="field_name">jsonString</value>
        <value name="field_type">string</value>
        <value name="field_dim">0</value>
        <value name="nillable">true</value>
        <value name="form_qualified">false</value>
        <value name="is_global">false</value>
      </record>
      <record javaclass="com.wm.util.Values">
        <value name="node_type">field</value>
        <value name="node_subtype">unknown</value>
        <value name="is_public">false</value>
        <value name="field_name">inputStream</value>
        <value name="field_type">object</value>
        <value name="field_dim">0</value>
        <value name="nillable">true</value>
        <value name="form_qualified">false</value>
        <value name="is_global">false</value>
      </record>
    </array>
    <value name="modifiable">true</value>
  </record>
</Values>
</MAPSOURCE>

  <!-- nodes -->

<MAPCOPY FROM="/inputStream;3;0" TO="/createAMetricInput;2;0/requestBody;2;0/stream;3;0">
</MAPCOPY>

<MAPCOPY FROM="/createAMetricInput;2;0/parameters;2;0/name;1;0" TO="/createAMetricInput;2;0/parameters;2;0/name;1;0">
</MAPCOPY>

<MAPCOPY FROM="/createAMetricInput;2;0/requestHeaders;2;0/Content-Type;1;0" TO="/createAMetricInput;2;0/requestHeaders;2;0/Content-Type;1;0">
</MAPCOPY>
</MAP>

<MAP MODE="OUTPUT">
</MAP>
</INVOKE>

<MAP TIMEOUT="" MODE="STANDALONE">
  <COMMENT></COMMENT>
</MAP>
</FLOW>
