<?xml version="1.0" encoding="UTF-8" standalone="yes"?>
<services>
    <cloudstreamsCollectionKeys serviceName="WmCloudStreams.RestVS">
        <servicesKeys>
            <keyDetails collectionKey="DemoLibratoAppOptics.services:compositeMetricQueries" connectorServiceName="DemoLibratoAppOptics.services:compositeMetricQueries"/>
            <keyDetails collectionKey="DemoLibratoAppOptics.services:createAChart" connectorServiceName="DemoLibratoAppOptics.services:createAChart"/>
            <keyDetails collectionKey="DemoLibratoAppOptics.services:createAMeasurement" connectorServiceName="DemoLibratoAppOptics.services:createAMeasurement"/>
            <keyDetails collectionKey="DemoLibratoAppOptics.services:createAMetric" connectorServiceName="DemoLibratoAppOptics.services:createAMetric"/>
            <keyDetails collectionKey="DemoLibratoAppOptics.services:createASpace" connectorServiceName="DemoLibratoAppOptics.services:createASpace"/>
            <keyDetails collectionKey="DemoLibratoAppOptics.services:createAnAlert" connectorServiceName="DemoLibratoAppOptics.services:createAnAlert"/>
            <keyDetails collectionKey="DemoLibratoAppOptics.services:createAnAnnotation" connectorServiceName="DemoLibratoAppOptics.services:createAnAnnotation"/>
            <keyDetails collectionKey="DemoLibratoAppOptics.services:deleteAChart" connectorServiceName="DemoLibratoAppOptics.services:deleteAChart"/>
            <keyDetails collectionKey="DemoLibratoAppOptics.services:deleteAMetric" connectorServiceName="DemoLibratoAppOptics.services:deleteAMetric"/>
            <keyDetails collectionKey="DemoLibratoAppOptics.services:deleteAnAlertByID" connectorServiceName="DemoLibratoAppOptics.services:deleteAnAlertByID"/>
            <keyDetails collectionKey="DemoLibratoAppOptics.services:deleteAnAnnotationEvent" connectorServiceName="DemoLibratoAppOptics.services:deleteAnAnnotationEvent"/>
            <keyDetails collectionKey="DemoLibratoAppOptics.services:deleteAnAnnotationStream" connectorServiceName="DemoLibratoAppOptics.services:deleteAnAnnotationStream"/>
            <keyDetails collectionKey="DemoLibratoAppOptics.services:deleteLinkFromAnnotationEvent" connectorServiceName="DemoLibratoAppOptics.services:deleteLinkFromAnnotationEvent"/>
            <keyDetails collectionKey="DemoLibratoAppOptics.services:deleteSpace" connectorServiceName="DemoLibratoAppOptics.services:deleteSpace"/>
            <keyDetails collectionKey="DemoLibratoAppOptics.services:listAllAlertsWithName" connectorServiceName="DemoLibratoAppOptics.services:listAllAlertsWithName"/>
            <keyDetails collectionKey="DemoLibratoAppOptics.services:listAllAnnotations" connectorServiceName="DemoLibratoAppOptics.services:listAllAnnotations"/>
            <keyDetails collectionKey="DemoLibratoAppOptics.services:listAllChartsInSpace" connectorServiceName="DemoLibratoAppOptics.services:listAllChartsInSpace"/>
            <keyDetails collectionKey="DemoLibratoAppOptics.services:listAllMetrics" connectorServiceName="DemoLibratoAppOptics.services:listAllMetrics"/>
            <keyDetails collectionKey="DemoLibratoAppOptics.services:listAllSpaces" connectorServiceName="DemoLibratoAppOptics.services:listAllSpaces"/>
            <keyDetails collectionKey="DemoLibratoAppOptics.services:lookUpOrganizationInfo" connectorServiceName="DemoLibratoAppOptics.services:lookUpOrganizationInfo"/>
            <keyDetails collectionKey="DemoLibratoAppOptics.services:retrieveAChart" connectorServiceName="DemoLibratoAppOptics.services:retrieveAChart"/>
            <keyDetails collectionKey="DemoLibratoAppOptics.services:retrieveAMeasurement" connectorServiceName="DemoLibratoAppOptics.services:retrieveAMeasurement"/>
            <keyDetails collectionKey="DemoLibratoAppOptics.services:retrieveAMetric" connectorServiceName="DemoLibratoAppOptics.services:retrieveAMetric"/>
            <keyDetails collectionKey="DemoLibratoAppOptics.services:retrieveASpace" connectorServiceName="DemoLibratoAppOptics.services:retrieveASpace"/>
            <keyDetails collectionKey="DemoLibratoAppOptics.services:retrieveAnAlertWithID" connectorServiceName="DemoLibratoAppOptics.services:retrieveAnAlertWithID"/>
            <keyDetails collectionKey="DemoLibratoAppOptics.services:retrieveAnAnnotation" connectorServiceName="DemoLibratoAppOptics.services:retrieveAnAnnotation"/>
            <keyDetails collectionKey="DemoLibratoAppOptics.services:retrieveAnAnnotationEvent" connectorServiceName="DemoLibratoAppOptics.services:retrieveAnAnnotationEvent"/>
            <keyDetails collectionKey="DemoLibratoAppOptics.services:retrieveStatusOfSpecificAlertByID" connectorServiceName="DemoLibratoAppOptics.services:retrieveStatusOfSpecificAlertByID"/>
            <keyDetails collectionKey="DemoLibratoAppOptics.services:updateAChart" connectorServiceName="DemoLibratoAppOptics.services:updateAChart"/>
            <keyDetails collectionKey="DemoLibratoAppOptics.services:updateASpace" connectorServiceName="DemoLibratoAppOptics.services:updateASpace"/>
            <keyDetails collectionKey="DemoLibratoAppOptics.services:updateAnAlertWithID" connectorServiceName="DemoLibratoAppOptics.services:updateAnAlertWithID"/>
            <keyDetails collectionKey="DemoLibratoAppOptics.services:updateAnnotationEventMetadata" connectorServiceName="DemoLibratoAppOptics.services:updateAnnotationEventMetadata"/>
            <keyDetails collectionKey="DemoLibratoAppOptics.services:updateTheAttributesOfAnAnnotationStream" connectorServiceName="DemoLibratoAppOptics.services:updateTheAttributesOfAnAnnotationStream"/>
            <keyDetails collectionKey="DemoLibratoAppOptics.services:updateaddALinkToAnnotationEvent" connectorServiceName="DemoLibratoAppOptics.services:updateaddALinkToAnnotationEvent"/>
        </servicesKeys>
    </cloudstreamsCollectionKeys>
</services>
